StudentID,FirstName,LastName,Address,City,PostalCode,Country,Email,PhoneNumber,IsRegularCustomer,GDPRAgreementDate
1,Kamil,Porwoł,ul. Malczewskiego 78/43,Jarosław,74-527,Poland,nela02@example.com,+48960294014,false,2021-04-30 00:49:09.000
2,Dominik,Chlebda,plac Spacerowa 467,Kołobrzeg,69-759,Poland,franciszekpogorzelec@example.org,+48574282908,true,2024-07-22 19:01:10.000
3,Blanka,Tylus,aleja Bydgoska 815,Bydgoszcz,93-705,Poland,makarjulianna@example.net,+48684195082,true,2023-07-08 02:28:59.000
4,Andrzej,Jewuła,plac Orzeszkowej 169,Lubin,79-335,Poland,przemyslaw11@example.com,+48235590853,false,2022-03-04 23:26:24.000
5,Kornelia,Słyk,ul. Szkolna 04,Żagań,09-333,Poland,michal77@example.net,+48836324119,false,2020-01-23 11:00:51.000
6,Karol,Maszota,pl. Krzywa 42,Police,80-041,Poland,patrykboba@example.com,+48178337856,false,2024-10-15 20:24:12.000
7,Julita,Widłak,pl. Skłodowskiej-Curie 86,Rumia,08-472,Poland,torzkacper@example.org,+48268025417,true,2022-08-15 02:25:22.000
8,Filip,Domino,aleja Stawowa 428,Łódź,98-702,Poland,jedrzejwocial@example.com,+48722575042,true,2023-08-27 15:56:56.000
9,Kamil,Korab,al. Liliowa 37,Cieszyn,18-291,Poland,emila@example.com,+48378801795,true,2022-06-01 23:57:24.000
10,Monika,Bejma,pl. Wodna 894,Pszczyna,36-470,Poland,miozgadariusz@example.com,+48575811403,true,2021-01-03 16:33:55.000
11,Hubert,Półchłopek,plac Konopnickiej 331,Malbork,93-560,Poland,ostaszstefan@example.org,+48870155890,false,2020-04-12 17:15:12.000
12,Adam,Łaskawiec,aleja Długa 198,Grudziądz,53-604,Poland,wiktorwojtera@example.com,+48860958478,true,2024-01-13 02:51:33.000
13,Tola,Szłapa,ul. Boczna 40,Sanok,14-866,Poland,dbek@example.com,+48775274896,true,2020-04-21 01:44:00.000
14,Nela,Simon,al. Brzozowa 904,Szczecin,88-455,Poland,mleczakkarol@example.com,+48196726027,true,2022-12-17 13:15:21.000
15,Jerzy,Perka,al. Kowalska 82/47,Śrem,12-523,Poland,zbarej@example.com,+48348361568,true,2021-03-23 03:29:48.000
16,Norbert,Kuza,al. Klasztorna 164,Inowrocław,97-252,Poland,marekmironczuk@example.com,+48747250806,true,2023-03-24 07:07:02.000
17,Kaja,Sadlak,aleja Kaszubska 04,Grudziądz,42-503,Poland,kamil75@example.org,+48911577400,true,2021-07-31 20:29:01.000
18,Bruno,Rut,aleja Szymanowskiego 79/30,Włocławek,97-490,Poland,hojkajakub@example.org,+48459534167,true,2024-12-14 17:29:34.000
19,Konstanty,Drobek,plac Cisowa 20/36,Reda,68-753,Poland,liwia92@example.com,+48770290234,true,2022-10-23 21:00:07.000
20,Blanka,Rząca,al. Jesienna 57,Racibórz,39-576,Poland,vchaba@example.net,+48535217917,false,2020-08-04 03:40:37.000
21,Dagmara,Łachut,pl. Sikorskiego 86,Żary,83-591,Poland,hanusinga@example.org,+48822707458,false,2021-04-19 17:04:34.000
22,Arkadiusz,Starzak,pl. Kossaka 21/90,Szczecinek,55-773,Poland,malwina82@example.org,+48722437436,true,2020-07-05 11:18:55.000
23,Nicole,Groborz,al. Grottgera 43/89,Jasło,79-312,Poland,lukowiczszymon@example.org,+48764321886,false,2022-01-27 08:44:05.000
24,Grzegorz,Megger,ul. Brzozowa 05,Chełm,35-866,Poland,xpiwowarek@example.com,+48178083026,true,2022-04-15 16:49:44.000
25,Damian,Mamcarz,pl. Boczna 69,Żary,82-746,Poland,jbakiewicz@example.net,+48959783378,true,2020-08-27 18:50:03.000
26,Ignacy,Lew,pl. Orkana 919,Zduńska Wola,41-564,Poland,rembaczalan@example.net,+48160641280,true,2020-04-07 12:11:22.000
27,Ernest,Maras,ulica Chmielna 37/10,Starogard Gdański,33-477,Poland,tadeuszprazmo@example.net,+48107248437,true,2024-07-01 23:23:54.000
28,Piotr,Mueller,al. Letnia 29,Oświęcim,77-080,Poland,gtabak@example.net,+48161374965,true,2024-09-04 18:21:18.000
29,Nikodem,Maćczak,al. Dojazdowa 22/55,Przemyśl,84-116,Poland,olga89@example.com,+48467555748,false,2022-10-28 12:10:11.000
30,Aleksander,Kochanowicz,al. Krucza 048,Żagań,32-407,Poland,czubaszeknicole@example.net,+48950323516,false,2023-07-01 03:10:38.000
31,Dawid,Glaza,ulica Kochanowskiego 24,Skarżysko-Kamienna,27-755,Poland,antonikala@example.org,+48981112636,false,2021-09-11 19:19:20.000
32,Jacek,Pawlaczek,ul. Długa 96,Oświęcim,88-041,Poland,karol80@example.org,+48928563379,false,2020-08-12 15:34:02.000
33,Alex,Ładniak,al. Bankowa 69/67,Wodzisław Śląski,91-041,Poland,msztaba@example.net,+48310871843,true,2020-11-05 16:56:18.000
34,Adam,Gomuła,ulica Świerczewskiego 36,Ostróda,66-597,Poland,pdulewicz@example.org,+48676760452,true,2024-11-09 10:20:00.000
35,Kamila,Złotnik,aleja Nowa 249,Giżycko,42-629,Poland,nikodem90@example.org,+48227151166,false,2020-05-08 04:21:25.000
36,Wiktor,Czuj,ul. Dworska 807,Bielawa,39-827,Poland,szurekkajetan@example.com,+48662191051,true,2020-12-26 09:18:01.000
37,Angelika,Brózda,pl. Ceglana 62/26,Kościerzyna,45-817,Poland,mordalpatryk@example.com,+48730599128,true,2023-09-14 05:55:48.000
38,Apolonia,Bojczuk,plac Grunwaldzka 619,Poznań,37-111,Poland,juliannakrauza@example.net,+48441527117,false,2024-03-22 13:39:18.000
39,Rafał,Żymełka,ul. Krańcowa 777,Bochnia,88-922,Poland,kusykdorota@example.com,+48694554455,true,2021-10-02 22:05:11.000
40,Tadeusz,Nalewajko,aleja Lawendowa 25/57,Myszków,59-045,Poland,jedrzej56@example.org,+48416748319,false,2022-08-16 16:35:43.000
41,Adrianna,Kusyk,aleja Górska 88,Lubin,51-734,Poland,wendastanislaw@example.net,+48912754198,true,2023-09-19 20:43:43.000
42,Anita,Kamyszek,pl. Radosna 652,Tomaszów Mazowiecki,12-850,Poland,afura@example.org,+48276869632,true,2023-06-02 09:21:33.000
43,Olaf,Kunysz,ul. Zdrojowa 519,Kwidzyn,64-367,Poland,bryzekaleks@example.org,+48937509142,true,2024-11-10 03:53:17.000
44,Leon,Latuszek,ul. Sokola 75,Ełk,09-048,Poland,bobrykkarina@example.com,+48640242992,true,2021-11-20 19:37:27.000
45,Kamil,Poleszak,plac Rataja 594,Wągrowiec,03-819,Poland,lfidler@example.org,+48475074928,false,2024-02-18 20:36:16.000
46,Daniel,Skierka,al. Sadowa 31/30,Grodzisk Mazowiecki,97-502,Poland,krystian47@example.net,+48202777743,true,2024-04-14 11:28:11.000
47,Konstanty,Fabiańczyk,pl. Lisia 40/84,Żyrardów,28-996,Poland,ida33@example.org,+48841725927,true,2021-09-10 03:55:13.000
48,Klara,Stępka,ulica Długosza 773,Piastów,11-840,Poland,hejdukdaniel@example.net,+48218153298,true,2020-03-26 04:51:53.000
49,Alan,Spadło,aleja Owocowa 32/05,Leszno,02-226,Poland,nijakradoslaw@example.net,+48762571849,false,2022-11-13 10:24:38.000
50,Andrzej,Pietrasiak,aleja Stroma 89,Łomża,68-141,Poland,bciepla@example.net,+48320095212,true,2022-09-15 19:08:25.000
51,Kajetan,Staś,plac Żeglarska 51,Rumia,43-327,Poland,bartek08@example.com,+48568912918,true,2020-02-20 15:21:05.000
52,Aurelia,Folga,ul. Sowia 617,Skawina,78-876,Poland,gadzinanicole@example.net,+48167424390,false,2023-12-24 00:20:15.000
53,Alex,Bystroń,al. Jaśminowa 904,Piła,66-623,Poland,anielamirgos@example.org,+48275758444,true,2024-01-03 16:11:36.000
54,Kamil,Zapaśnik,pl. Diamentowa 857,Gdańsk,67-973,Poland,giedrojctomasz@example.com,+48826689493,false,2020-06-19 10:26:12.000
55,Karol,Kubek,plac Graniczna 592,Jasło,24-430,Poland,agnieszka83@example.org,+48427131975,true,2020-10-06 05:27:03.000
56,Jakub,Bawoł,pl. Graniczna 72/36,Augustów,58-537,Poland,qmazanek@example.com,+48779088413,true,2023-05-13 15:25:42.000
57,Mateusz,Murach,ul. Łąkowa 372,Łomża,17-976,Poland,lukasz54@example.net,+48598544253,false,2021-06-23 10:27:39.000
58,Błażej,Ćmiel,plac Maja 837,Tarnowskie Góry,94-723,Poland,vnazar@example.com,+48974917987,false,2023-09-07 12:19:31.000
59,Krzysztof,Krata,pl. Matejki 08/79,Police,73-448,Poland,opela@example.net,+48620878635,true,2020-09-17 23:14:07.000
60,Marcelina,Kość,al. Sikorskiego 92/44,Wałcz,51-969,Poland,emil98@example.org,+48337964422,true,2020-02-25 05:06:07.000
61,Natan,Berek,ulica Spółdzielcza 89/13,Piotrków Trybunalski,82-466,Poland,cmlot@example.net,+48832618571,true,2021-10-15 04:44:26.000
62,Stanisław,Wiaderek,al. Graniczna 574,Świecie,35-561,Poland,hbabol@example.com,+48479682244,false,2023-01-31 14:58:37.000
63,Kajetan,Tomaszkiewicz,pl. Podmiejska 547,Sanok,79-191,Poland,julianna46@example.org,+48746703846,true,2024-08-23 04:27:21.000
64,Piotr,Ścibior,al. Maja 46/58,Częstochowa,19-207,Poland,monikadrewicz@example.org,+48860904834,true,2023-10-13 16:46:14.000
65,Sebastian,Kęsek,ulica Modrzewiowa 10,Skarżysko-Kamienna,20-742,Poland,kszczypior@example.net,+48358253383,false,2020-09-28 18:42:25.000
66,Marianna,Pietrewicz,al. Ludowa 044,Sochaczew,86-800,Poland,julianwylupek@example.org,+48575849407,true,2020-07-19 06:25:31.000
67,Hubert,Hudzik,aleja Orkana 308,Zambrów,11-772,Poland,qdomowicz@example.net,+48742672007,false,2021-02-06 18:09:22.000
68,Karol,Wołk,al. Mickiewicza 88/40,Skarżysko-Kamienna,81-075,Poland,tolahuczko@example.org,+48677070199,true,2021-12-29 14:21:57.000
69,Aniela,Dela,aleja Malinowa 73,Przemyśl,57-549,Poland,damian84@example.org,+48465434779,false,2021-01-19 03:50:30.000
70,Liwia,Misior,al. Spokojna 228,Elbląg,96-979,Poland,kamila21@example.com,+48838353548,true,2022-09-23 03:31:51.000
71,Norbert,Skonieczka,pl. Jabłoniowa 52,Lubin,53-849,Poland,kanikfilip@example.org,+48901438267,true,2024-10-11 15:13:05.000
72,Krystian,Smykała,ul. Morska 451,Zielona Góra,81-237,Poland,qmyszor@example.org,+48358791204,false,2023-08-04 15:47:39.000
73,Apolonia,Buchalik,ul. Kraszewskiego 18,Żagań,38-433,Poland,emilpiekacz@example.com,+48788224580,false,2022-04-23 13:08:50.000
74,Karina,Wilma,ul. Lazurowa 567,Kalisz,37-292,Poland,vstochel@example.com,+48410829069,false,2024-09-15 17:12:03.000
75,Igor,Szymula,ulica Truskawkowa 80,Bochnia,66-235,Poland,busztasara@example.org,+48786148181,true,2023-08-01 05:39:45.000
76,Alex,Geisler,aleja Zakole 87/48,Jarosław,61-391,Poland,tymonbawol@example.org,+48625464071,true,2022-12-07 08:30:12.000
77,Rafał,Chodak,pl. Ludowa 824,Wołomin,03-821,Poland,ykominiak@example.org,+48138911641,true,2020-02-09 02:32:11.000
78,Sylwia,Dyka,aleja Jaskółcza 79,Nowa Ruda,83-656,Poland,iludwik@example.net,+48699026481,false,2024-08-04 05:04:53.000
79,Łukasz,Krywult,al. Hutnicza 103,Lubin,39-683,Poland,norbertczylok@example.com,+48246794080,false,2020-12-02 23:24:44.000
80,Gustaw,Kaszkowiak,plac Lazurowa 308,Kłodzko,99-540,Poland,vduc@example.org,+48345881437,true,2023-09-09 01:34:14.000
81,Igor,Kidoń,ul. Popiełuszki 849,Szczecinek,45-161,Poland,oskarkowara@example.com,+48300124619,true,2023-11-25 18:44:59.000
82,Krystian,Sankiewicz,ulica Grabowa 631,Jaworzno,14-262,Poland,rozumadrianna@example.com,+48236074507,false,2023-12-22 15:19:51.000
83,Arkadiusz,Dietrich,aleja Robotnicza 53,Leszno,16-006,Poland,kornelolkowicz@example.com,+48632616440,true,2023-09-08 12:21:34.000
84,Hubert,Pierz,aleja Akacjowa 40/45,Gliwice,06-948,Poland,sebastiankaczka@example.org,+48936359476,true,2020-07-16 07:55:18.000
85,Wojciech,Krüger,pl. Maczka 607,Lębork,37-301,Poland,julita47@example.com,+48639356642,true,2024-06-12 07:58:28.000
86,Krzysztof,Paprotny,pl. Wolności 829,Jelenia Góra,49-891,Poland,rroter@example.org,+48870408184,true,2022-02-20 03:55:42.000
87,Piotr,Ścieszka,al. Łączna 26,Żary,23-722,Poland,frymarz@example.com,+48375122096,true,2022-02-26 15:55:12.000
88,Daniel,Dziechciarz,aleja Podleśna 49,Bolesławiec,69-336,Poland,pilipczukadam@example.com,+48507052755,false,2021-03-09 05:19:33.000
89,Dominik,Tywoniuk,plac Ceglana 99/02,Zielona Góra,85-308,Poland,cklucznik@example.net,+48178752956,false,2020-02-21 11:11:17.000
90,Kalina,Armatys,plac Wysoka 429,Pruszcz Gdański,25-817,Poland,anna-mariaszyma@example.org,+48739699389,true,2022-10-08 01:32:41.000
91,Antoni,Syldatk,ul. Leszczynowa 65/44,Żary,87-676,Poland,pilarekjozef@example.org,+48107665141,false,2024-01-28 13:36:00.000
92,Sonia,Sysło,al. Azaliowa 97/63,Siedlce,78-152,Poland,dzbik@example.org,+48422323180,true,2021-12-27 23:00:16.000
93,Cyprian,Goliszek,al. Traugutta 89/96,Brodnica,79-369,Poland,aleksanderbuk@example.net,+48379091677,true,2021-04-12 04:34:04.000
94,Dawid,Drobniak,ul. Topolowa 54/32,Oświęcim,94-808,Poland,zzys@example.net,+48815688884,true,2022-04-02 18:06:34.000
95,Sylwia,Damps,al. Pałacowa 33/78,Łódź,35-874,Poland,mczopik@example.net,+48893899389,false,2021-10-27 13:53:14.000
96,Klara,Płócienniczak,ul. Plater 369,Wałcz,73-276,Poland,dtylek@example.com,+48727831547,false,2020-11-10 21:02:16.000
97,Bartek,Bujas,ul. Leszczynowa 02/73,Żyrardów,69-064,Poland,ewelina12@example.com,+48271540402,true,2021-05-27 15:35:22.000
98,Olga,Łuczkiewicz,al. Wiklinowa 00/34,Skarżysko-Kamienna,03-349,Poland,niesciorukada@example.com,+48644202728,false,2022-12-16 13:26:07.000
99,Ewa,Słupik,aleja Andersa 84,Koło,44-727,Poland,lkajstura@example.org,+48308152549,true,2021-10-18 04:09:11.000
100,Alex,Tokarek,plac Dworska 84/88,Września,50-133,Poland,dawid52@example.net,+48527179569,true,2021-02-25 22:13:17.000
101,Eryk,Zieja,ul. Gdańska 61,Kętrzyn,43-027,Poland,juliuszbryja@example.net,+48661513965,true,2021-02-16 10:38:04.000
102,Dawid,Musiała,plac Wilcza 08/28,Pruszków,39-401,Poland,kacperandrzejuk@example.net,+48144251271,false,2024-08-27 06:35:18.000
103,Róża,Juroszek,plac Sadowa 96,Olsztyn,23-878,Poland,ernesthawro@example.com,+48222185683,false,2020-05-16 23:19:41.000
104,Jan,Szwałek,aleja Brzoskwiniowa 86,Jasło,33-056,Poland,strzelczakmarcel@example.com,+48836745065,false,2020-10-17 14:45:08.000
105,Mieszko,Torbus,pl. Towarowa 159,Skawina,86-837,Poland,tmatulewicz@example.net,+48903935767,false,2020-10-05 16:13:15.000
106,Ryszard,Jarmużek,ul. Leszczynowa 82,Wałcz,77-992,Poland,gorgolsara@example.net,+48965033160,false,2024-02-18 08:11:25.000
107,Tomasz,Zielke,plac Liliowa 636,Grudziądz,36-078,Poland,gaja00@example.org,+48487846555,true,2023-01-13 11:18:56.000
108,Paweł,Zacharczuk,plac Rubinowa 004,Kraśnik,77-871,Poland,ekucharz@example.org,+48706500256,false,2022-03-05 12:26:15.000
109,Anna Maria,Simon,pl. Strzelecka 83/16,Września,95-869,Poland,szygulajulian@example.com,+48988125889,false,2023-05-13 01:40:57.000
110,Mateusz,Samol,aleja Rolnicza 59,Żary,97-053,Poland,demianczukfryderyk@example.net,+48815832605,false,2023-11-15 03:02:47.000
111,Malwina,Żelazek,aleja Jodłowa 78/36,Kraków,93-397,Poland,rozaliawojtanowicz@example.net,+48628582486,true,2021-05-24 22:28:47.000
112,Adam,Ładniak,aleja Podleśna 743,Pruszcz Gdański,09-694,Poland,hubert98@example.org,+48450537854,false,2022-02-25 23:59:47.000
113,Ernest,Cyrulik,ul. Lazurowa 76,Kłodzko,82-416,Poland,stanislaw47@example.com,+48375381741,false,2021-06-27 15:32:38.000
114,Kamil,Szóstak,ulica Borowa 27/41,Ostróda,30-394,Poland,olaf03@example.com,+48230825115,true,2024-03-05 23:45:45.000
115,Ada,Jędraszek,ul. Podgórna 20/31,Katowice,48-775,Poland,xobiala@example.org,+48664536210,false,2022-09-30 23:13:56.000
116,Marianna,Wołodźko,ulica Żwirki i Wigury 13,Szczytno,71-080,Poland,kamil55@example.com,+48893572899,true,2024-05-17 04:02:19.000
117,Marcelina,Świstek,ulica Zdrojowa 09,Środa Wielkopolska,53-525,Poland,qskupin@example.com,+48356351680,false,2023-11-09 13:42:05.000
118,Maksymilian,Bochnia,plac Łabędzia 35,Jelenia Góra,19-407,Poland,nkudlacik@example.com,+48770776285,true,2023-06-14 02:36:06.000
119,Angelika,Nojman,plac Młyńska 50,Kalisz,44-386,Poland,jedraszekwitold@example.com,+48404236068,true,2022-03-21 11:58:25.000
120,Nela,Wdowczyk,al. Szymanowskiego 53,Kołobrzeg,57-145,Poland,fabianamanowicz@example.org,+48686191476,false,2023-01-31 04:01:03.000
121,Maciej,Lepak,plac Młynarska 27,Bochnia,14-541,Poland,sadzalukasz@example.org,+48941898079,false,2023-05-26 15:55:30.000
122,Dominik,Joszko,aleja Partyzantów 23,Bartoszyce,99-821,Poland,pyzelsonia@example.net,+48759523624,false,2021-11-26 13:08:44.000
123,Dawid,Maćków,ulica Żwirki i Wigury 137,Ostrowiec Świętokrzyski,81-256,Poland,melaniakostek@example.com,+48964240194,false,2022-02-11 21:01:32.000
124,Radosław,Hojda,pl. Mazurska 89/81,Iława,44-040,Poland,karinaszambelan@example.net,+48619904946,false,2020-06-09 06:47:14.000
125,Marek,Stypka,ul. Częstochowska 415,Września,94-030,Poland,godynpatryk@example.net,+48139125279,true,2024-06-08 11:08:27.000
126,Karol,Kowalówka,pl. Rumiankowa 55,Tarnowskie Góry,24-182,Poland,radoslawdeluga@example.net,+48759063553,true,2024-04-04 03:17:42.000
127,Olgierd,Ciak,pl. Hutnicza 322,Świdnica,42-846,Poland,staregatobiasz@example.com,+48709924506,true,2022-06-03 07:22:16.000
128,Dariusz,Rompa,pl. Cicha 08,Olkusz,04-714,Poland,mbakun@example.com,+48676860548,false,2021-11-24 11:58:21.000
129,Tymoteusz,Filas,aleja Sienkiewicza 592,Skarżysko-Kamienna,21-765,Poland,rwiraszka@example.com,+48118295100,true,2022-05-07 23:12:21.000
130,Adrianna,Wisz,aleja Dobra 94/10,Piekary Śląskie,73-912,Poland,franiakolgierd@example.org,+48206474244,false,2020-05-23 09:20:29.000
131,Aurelia,Wożniak,pl. Lwowska 419,Gliwice,57-648,Poland,radoslawtyka@example.org,+48896789193,true,2023-06-25 02:36:56.000
132,Kacper,Woda,pl. Krasickiego 04,Kościan,37-047,Poland,lpieszak@example.org,+48489149998,false,2020-04-10 13:06:13.000
133,Tymoteusz,Ciochoń,pl. Agrestowa 685,Żory,25-587,Poland,dziezatola@example.com,+48691127178,true,2021-05-04 20:11:39.000
134,Kamil,Wyciszkiewicz,plac Zaciszna 09/53,Pruszcz Gdański,60-930,Poland,szymonduszczak@example.net,+48839992957,false,2020-11-21 13:03:59.000
135,Marianna,Pacholik,plac Starowiejska 782,Wałbrzych,11-825,Poland,biankaromanczyk@example.com,+48494999080,true,2020-08-21 12:32:30.000
136,Nicole,Gągała,aleja Kazimierza Wielkiego 612,Katowice,67-719,Poland,sstasica@example.com,+48491175315,false,2024-08-22 13:05:47.000
137,Mateusz,Pogorzelec,pl. Kazimierza Wielkiego 78,Biłgoraj,31-338,Poland,klejnakonrad@example.com,+48494490145,true,2024-05-13 07:29:44.000
138,Marcelina,Kazimierczuk,plac Staszica 90/59,Łaziska Górne,90-803,Poland,gforma@example.org,+48790112825,true,2023-02-22 21:18:58.000
139,Jakub,Białk,aleja Skośna 330,Lębork,18-550,Poland,mbanek@example.org,+48295056951,true,2023-04-02 03:19:54.000
140,Jerzy,Galek,plac Morska 21,Łaziska Górne,68-794,Poland,kobst@example.com,+48844375330,false,2022-09-10 19:56:22.000
141,Michał,Frelek,ul. Cedrowa 02/71,Czechowice-Dziedzice,99-046,Poland,juliannazadworny@example.com,+48117608428,false,2021-08-04 12:43:52.000
142,Roksana,Potaczek,pl. Poniatowskiego 55/17,Chorzów,54-085,Poland,anitamiszkurka@example.org,+48759237843,false,2020-12-16 01:20:53.000
143,Aleks,Szott,plac Wiosenna 952,Oleśnica,57-554,Poland,vwasek@example.net,+48114125120,false,2021-05-18 13:23:50.000
144,Eliza,Korbut,pl. Mazowiecka 99,Wągrowiec,70-166,Poland,sarapawliczek@example.org,+48516707821,false,2020-12-23 00:14:18.000
145,Błażej,Szurek,pl. Plażowa 370,Świecie,24-232,Poland,olgierdmisiarz@example.org,+48291909156,false,2024-09-09 00:14:05.000
146,Kornel,Paszkowiak,pl. Wiatraczna 91,Czerwionka-Leszczyny,85-002,Poland,hochal@example.net,+48991241407,true,2022-12-23 16:49:30.000
147,Ryszard,Krzosek,al. Wyszyńskiego 367,Lubartów,05-356,Poland,maliszliwia@example.org,+48909378968,false,2022-10-13 23:41:49.000
148,Anita,Oszust,ul. Głowackiego 25,Świecie,48-142,Poland,kacperbartel@example.net,+48895136360,true,2023-09-05 08:59:36.000
149,Nikodem,Hinca,al. Narutowicza 579,Kędzierzyn-Koźle,74-489,Poland,matraszekjustyna@example.org,+48238891970,false,2022-07-12 04:12:47.000
150,Krystyna,Makulec,plac Tuwima 595,Lubartów,52-088,Poland,franciszekstrama@example.net,+48977258222,true,2023-09-07 10:16:27.000
151,Olga,Hajder,al. Orzechowa 092,Ruda Śląska,86-919,Poland,eliza85@example.org,+48458661642,true,2020-11-11 22:07:30.000
152,Julian,Oszust,pl. Andersa 36,Polkowice,73-184,Poland,adriandabrowka@example.org,+48466653291,false,2022-11-21 19:45:35.000
153,Ida,Wielądek,pl. Wilcza 29,Tarnowskie Góry,45-760,Poland,zzegar@example.net,+48727117581,false,2020-11-15 23:40:17.000
154,Antoni,Klemens,pl. Łąkowa 816,Bartoszyce,88-286,Poland,melaniakretowicz@example.com,+48327442141,true,2024-08-24 15:47:22.000
155,Anastazja,Ostafin,al. Chabrowa 793,Pabianice,84-735,Poland,borakolaf@example.net,+48467502416,false,2020-07-23 14:15:01.000
156,Nikodem,Puła,ulica Popiełuszki 535,Jastrzębie-Zdrój,10-702,Poland,pokrzywafabian@example.net,+48907577214,false,2020-08-20 22:05:06.000
157,Adrianna,Jonik,aleja Turystyczna 58,Olkusz,52-181,Poland,natanielgiezek@example.org,+48979472738,false,2022-11-05 06:26:11.000
158,Anita,Kręgiel,pl. Ludowa 40/36,Puławy,62-555,Poland,martinprzemyslaw@example.net,+48831849387,false,2020-07-06 00:45:08.000
159,Cyprian,Burnat,pl. Ptasia 04/70,Łuków,73-828,Poland,gabrielwitaszek@example.org,+48417728117,false,2021-03-08 20:42:06.000
160,Anita,Wojtarowicz,pl. Stolarska 72/64,Konin,34-658,Poland,sobkiewiczkarol@example.net,+48540666199,true,2020-02-14 20:10:17.000
161,Aurelia,Kijas,aleja Górska 99/15,Zakopane,04-607,Poland,konradgwardiak@example.net,+48267631413,false,2022-09-01 03:57:32.000
162,Nataniel,Cyroń,aleja Andersa 607,Tomaszów Mazowiecki,09-862,Poland,aureliabartel@example.net,+48606952003,true,2021-07-06 05:21:16.000
163,Kazimierz,Morawiak,ul. Morelowa 022,Jarosław,96-217,Poland,chlebekfilip@example.org,+48338425753,false,2022-07-22 20:27:39.000
164,Roksana,Starościak,ulica Popiełuszki 20/00,Wieluń,72-771,Poland,roksanadreszer@example.net,+48987794353,false,2021-09-09 07:51:52.000
165,Liwia,Wieja,aleja Stroma 03/72,Kluczbork,69-486,Poland,juliusz41@example.org,+48606783722,true,2024-09-08 14:02:15.000
166,Olgierd,Dej,plac Grottgera 58/89,Leszno,68-630,Poland,iwoorpel@example.com,+48283564139,true,2020-08-08 17:15:37.000
167,Dariusz,Bojczuk,ulica Srebrna 65/51,Warszawa,17-934,Poland,blankakielbus@example.org,+48949292959,true,2023-08-27 16:27:03.000
168,Anna Maria,Hinca,pl. Wyszyńskiego 14,Głogów,62-129,Poland,elizalyczek@example.net,+48977022962,true,2020-07-29 21:45:47.000
169,Jakub,Bytner,ul. Rumiankowa 52/26,Jasło,19-745,Poland,marcelstein@example.org,+48600878999,true,2023-08-27 19:52:46.000
170,Grzegorz,Nowrot,ulica Kalinowa 985,Chrzanów,88-071,Poland,blazejkucharz@example.net,+48968465439,true,2021-11-17 23:42:19.000
171,Szymon,Myk,pl. Majowa 908,Bytom,30-533,Poland,pilareknatan@example.com,+48255813087,false,2021-04-12 21:00:59.000
172,Janina,Balcewicz,plac Podleśna 264,Czerwionka-Leszczyny,73-032,Poland,milosz73@example.org,+48667467284,false,2023-08-03 04:08:23.000
173,Aniela,Wywiał,aleja Kilińskiego 60,Świecie,23-883,Poland,xtrybus@example.com,+48313183008,true,2021-01-30 07:53:01.000
174,Dawid,Sędek,al. Zaciszna 905,Siemianowice Śląskie,76-619,Poland,natasza96@example.com,+48813423516,true,2022-07-24 06:31:10.000
175,Anita,Drążyk,aleja Jastrzębia 02,Wodzisław Śląski,52-167,Poland,iwo26@example.net,+48992327341,false,2022-02-17 21:53:03.000
176,Dorota,Pajek,ulica Zachodnia 719,Ząbki,55-646,Poland,wojciech38@example.com,+48425178197,false,2024-03-05 10:25:37.000
177,Aniela,Nurkiewicz,al. Dąbrowskiej 32,Będzin,80-196,Poland,skursa@example.org,+48307842093,true,2022-03-18 12:40:54.000
178,Róża,Parus,al. Maja 61,Bartoszyce,58-178,Poland,babiucholga@example.com,+48668436582,false,2023-11-22 23:42:40.000
179,Emil,Osiadacz,al. Rubinowa 257,Świętochłowice,28-133,Poland,qjedruch@example.com,+48662234442,false,2024-04-09 18:46:54.000
180,Andrzej,Madejczyk,aleja Towarowa 93/09,Kraków,33-626,Poland,olgaczupryn@example.org,+48852910855,false,2024-08-01 12:08:51.000
181,Ada,Wota,al. Leszczynowa 96,Gorzów Wielkopolski,85-352,Poland,jedrzejbeck@example.org,+48512191903,false,2021-11-03 12:50:57.000
182,Stanisław,Naumiuk,plac Promienna 20,Sanok,16-137,Poland,dorota70@example.org,+48360374048,true,2022-01-17 22:52:29.000
183,Kamila,Stypuła,ulica Księżycowa 419,Świdnica,39-650,Poland,marikamalesza@example.org,+48303537126,true,2020-04-26 10:48:55.000
184,Ida,Perka,pl. Brzechwy 794,Wągrowiec,79-035,Poland,jedrzej69@example.org,+48508181500,true,2024-09-13 19:14:37.000
185,Grzegorz,Tabiś,ul. Makuszyńskiego 67,Szczecinek,90-444,Poland,niewolaalan@example.org,+48237817568,false,2023-11-15 17:50:24.000
186,Marcel,Humeniuk,ulica Morcinka 78,Będzin,52-255,Poland,filipgumienny@example.org,+48100753485,true,2021-10-05 14:12:43.000
187,Ewa,Wieczerzak,al. Zwycięstwa 92/56,Pruszków,96-784,Poland,klaranyk@example.net,+48152713101,false,2021-05-15 14:12:40.000
188,Marcin,Małys,pl. Sowia 33/24,Cieszyn,73-640,Poland,cluszczyk@example.org,+48670132058,false,2024-08-25 06:11:58.000
189,Aniela,Dumała,ulica Rolna 47/33,Tczew,53-883,Poland,filip74@example.com,+48654178320,true,2023-03-24 03:31:31.000
190,Eliza,Stuglik,pl. Świerczewskiego 73/50,Świecie,67-173,Poland,rubinjan@example.org,+48320362348,false,2022-08-21 06:36:24.000
191,Igor,Ufniarz,ulica Korczaka 505,Lublin,25-434,Poland,yiwanow@example.org,+48492996398,true,2022-11-28 23:19:38.000
192,Krystian,Malisz,ulica Skośna 001,Łódź,34-419,Poland,xbryda@example.org,+48352562666,false,2022-08-18 09:45:49.000
193,Wojciech,Skalik,ul. Czereśniowa 00,Suwałki,28-266,Poland,pwiza@example.net,+48732481593,false,2022-09-30 10:33:42.000
194,Natasza,Nóżka,aleja Piłsudskiego 60,Chrzanów,97-416,Poland,agnieszkamaciocha@example.org,+48441998119,false,2023-03-04 09:21:26.000
195,Kaja,Stefankiewicz,plac Podmiejska 15/97,Nowa Ruda,66-301,Poland,syczangelika@example.org,+48634318047,true,2024-08-12 04:36:14.000
196,Marcel,Mikus,ul. Szmaragdowa 94/78,Zawiercie,95-411,Poland,uwaloch@example.net,+48271026962,false,2022-10-01 14:21:50.000
197,Kornelia,Drabczyk,pl. Zbożowa 852,Luboń,36-054,Poland,soniabiernacik@example.org,+48478482834,true,2020-09-17 12:58:04.000
198,Elżbieta,Kwak,ulica Morcinka 769,Łaziska Górne,08-007,Poland,rajtarjulianna@example.net,+48188173225,false,2022-12-22 03:10:22.000
199,Tadeusz,Borysiuk,ulica Żwirowa 84/43,Częstochowa,87-518,Poland,tkrzysko@example.org,+48520451499,true,2024-08-11 10:50:19.000
200,Albert,Gieroń,aleja Błękitna 63/99,Krosno,86-240,Poland,aleks70@example.net,+48212976938,true,2024-02-17 16:03:22.000
201,Ksawery,Dworczak,ulica Waryńskiego 740,Reda,77-428,Poland,tymoteusz53@example.org,+48648746660,false,2021-11-18 17:32:56.000
202,Albert,Siemek,ulica Górska 38/86,Słupsk,53-220,Poland,alan05@example.com,+48888259912,false,2021-02-21 09:50:31.000
203,Kornel,Ciapa,pl. Kreta 188,Ruda Śląska,02-274,Poland,arkadiusz92@example.net,+48901201906,true,2020-12-16 13:48:08.000
204,Liwia,Bogusiewicz,pl. Jabłoniowa 25/83,Białogard,97-378,Poland,jwitan@example.org,+48409435667,true,2021-12-17 07:23:47.000
205,Maurycy,Ciesielczyk,al. Olchowa 39,Skierniewice,86-777,Poland,sara91@example.org,+48947616528,false,2020-02-13 11:10:49.000
206,Alex,Frymus,ulica Wałowa 02,Szczecinek,82-623,Poland,ppajek@example.org,+48654967650,false,2023-01-05 01:09:42.000
207,Gabriel,Dziewa,pl. Kamienna 64/67,Ełk,35-371,Poland,jozef14@example.com,+48865778733,false,2020-03-07 14:45:14.000
208,Kamil,Częścik,plac Stolarska 02/66,Zgierz,45-482,Poland,tobiasz44@example.com,+48776880919,true,2020-05-31 09:06:58.000
209,Olaf,Wicha,pl. Spacerowa 75,Swarzędz,26-236,Poland,ignacykostorz@example.org,+48622681059,true,2021-09-07 14:19:03.000
210,Malwina,Drop,pl. Reja 141,Ciechanów,98-551,Poland,konrad50@example.org,+48756305050,false,2024-02-12 09:03:20.000
211,Olga,Lato,al. Lubelska 87/14,Otwock,49-972,Poland,lmikosz@example.com,+48107337117,false,2020-12-11 23:55:03.000
212,Ryszard,Rutowicz,plac Sikorskiego 26/98,Olsztyn,76-787,Poland,urszulabaumgart@example.net,+48583915661,false,2023-04-09 19:08:20.000
213,Tola,Furga,ul. Wczasowa 74,Czechowice-Dziedzice,81-907,Poland,ypalen@example.net,+48984863690,false,2022-11-03 16:19:53.000
214,Julianna,Choina,al. Tylna 07,Czechowice-Dziedzice,77-705,Poland,windaktymoteusz@example.com,+48238296135,true,2023-10-27 03:00:19.000
215,Jacek,Armata,al. Szymanowskiego 96/59,Sieradz,52-500,Poland,jozefgumienny@example.com,+48181305936,true,2022-03-29 15:09:47.000
216,Karina,Maziarczyk,plac Pszenna 23/18,Włocławek,56-224,Poland,mikolaj45@example.net,+48144293199,false,2021-01-08 18:31:57.000
217,Tola,Fulara,plac Plażowa 415,Żagań,43-830,Poland,hkuncewicz@example.net,+48903099297,true,2022-12-20 12:21:53.000
218,Kornel,Kopiczko,pl. Torowa 80/80,Poznań,95-756,Poland,gszkoda@example.com,+48315384666,true,2023-05-08 19:13:47.000
219,Eliza,Matejuk,al. Glówna 010,Tarnobrzeg,01-193,Poland,wbareja@example.net,+48102811922,true,2024-02-26 12:07:21.000
220,Andrzej,Toma,al. Drzymały 34,Tarnowskie Góry,55-432,Poland,csycz@example.net,+48997786031,true,2021-11-24 02:22:21.000
221,Piotr,Semik,pl. Reymonta 541,Włocławek,90-966,Poland,kacpersmykla@example.com,+48445320627,true,2023-05-24 18:12:43.000
222,Jerzy,Domka,ulica Strażacka 587,Będzin,52-921,Poland,kacperkrzyzostaniak@example.org,+48775003289,false,2020-02-29 08:43:15.000
223,Paweł,Zera,pl. Opolska 38,Tychy,65-560,Poland,ernest37@example.net,+48176300256,false,2022-10-31 18:45:05.000
224,Robert,Chorążewicz,ul. Sienkiewicza 493,Żagań,21-557,Poland,kamil76@example.com,+48362450717,true,2023-06-14 16:34:20.000
225,Anastazja,Orkisz,pl. Jarzębinowa 161,Bolesławiec,01-414,Poland,dwoszczyna@example.com,+48850648428,true,2023-07-22 17:07:46.000
226,Ernest,Leks,pl. Torowa 24/45,Szczecinek,65-027,Poland,olafpilka@example.net,+48817554663,true,2024-08-09 11:53:29.000
227,Nataniel,Smolka,plac Olchowa 90/19,Gdynia,43-054,Poland,dawid78@example.org,+48854304016,false,2024-01-11 05:43:08.000
228,Kacper,Kruś,al. Śląska 05,Żywiec,89-067,Poland,vradko@example.net,+48189635181,false,2020-03-21 16:26:51.000
229,Natasza,Grygorowicz,aleja Młynarska 92,Bielawa,04-195,Poland,hynektymoteusz@example.com,+48772679279,false,2020-07-08 19:01:20.000
230,Adrianna,Mateusiak,ulica Kolonia 04/11,Świebodzice,24-739,Poland,maksymilian49@example.org,+48320722343,true,2023-08-12 02:56:16.000
231,Ida,Kroczak,aleja Piękna 331,Chrzanów,31-783,Poland,halatleon@example.net,+48731443033,true,2023-12-16 09:12:41.000
232,Wojciech,Synak,ulica Lelewela 79,Chojnice,20-355,Poland,budniaklidia@example.com,+48780728772,true,2020-11-03 12:14:32.000
233,Mikołaj,Plak,pl. Truskawkowa 99,Skawina,48-339,Poland,rycheldawid@example.org,+48454771723,false,2022-09-19 06:20:12.000
234,Arkadiusz,Mazik,pl. Krzywa 750,Gdańsk,33-395,Poland,akrecichwost@example.org,+48144322783,true,2020-10-24 20:02:21.000
235,Ernest,Gęca,al. Wesoła 26/30,Reda,31-382,Poland,sowaladamian@example.com,+48142683435,true,2021-06-29 18:15:00.000
236,Marcelina,Buś,ul. Kolejowa 168,Skarżysko-Kamienna,68-259,Poland,konstantyrompa@example.org,+48369783658,false,2023-05-19 17:13:17.000
237,Józef,Hubert,aleja Korfantego 56/78,Tczew,21-726,Poland,maciejgaszczak@example.net,+48953647429,false,2020-05-11 22:35:06.000
238,Leonard,Pastuszko,al. Jasna 93,Mielec,30-440,Poland,olga89@example.net,+48740596071,true,2023-03-17 05:02:29.000
239,Kamil,Fleszar,plac Dąbrowskiego 93,Sochaczew,78-299,Poland,iwogolisz@example.org,+48744205947,false,2021-02-08 02:23:06.000
240,Ryszard,Tyniec,plac Kasztanowa 59,Częstochowa,32-076,Poland,kowalakamila@example.net,+48894806936,true,2023-03-29 02:30:16.000
241,Danny,Lawson,05037 James Mission Apt. 957,Sarahbury,77454,Guyana,baileykari@example.org,+47985902245,false,2024-01-25 14:34:20.000
242,Danielle,Farley,73014 Deanna Circles Apt. 258,Jonathanport,95664,Eritrea,melissarosario@example.net,+43468740835,true,2023-02-08 08:05:51.000
243,Charles,Porter,437 Dennis Forks Suite 999,Lake Wesleymouth,03265,Finland,ejones@example.com,+65534012270,false,2023-03-14 22:34:01.000
244,Annette,Singleton,5683 Sheila Forges,East Ericborough,03686,Mongolia,jeffery17@example.org,+91927950300,true,2024-08-27 20:57:52.000
245,Matthew,Bender,6796 Lisa Route,East Kristina,41532,Solomon Islands,lucas18@example.org,+39336081796,true,2024-11-07 20:43:58.000
246,Wesley,Gallagher,65644 Brittany Islands Suite 764,East Christinashire,77849,Madagascar,kshepherd@example.net,+10922171959,false,2022-09-28 08:17:11.000
247,Richard,Nichols,2478 Derek Ranch,Lake Michael,87565,Chad,cruzsarah@example.com,+83776587201,false,2023-01-25 07:12:34.000
248,David,Wagner,37789 Edwin Ferry Apt. 220,Alexaburgh,10649,Saint Martin,darrell63@example.com,+72802873135,true,2022-09-08 14:36:44.000
249,Jessica,Mercado,56820 Martinez Lake,Andersontown,68549,Tuvalu,jonathan66@example.com,+40192288574,true,2023-04-09 22:34:53.000
250,Mark,Contreras,54413 Russell Street Apt. 000,Samanthachester,54479,Aruba,williamsamber@example.org,+63252234254,false,2024-06-03 18:36:20.000
251,Jack,Warner,775 Gallagher Ferry,Bennettville,06835,Congo,jnewton@example.org,+23568581255,false,2023-11-13 13:25:54.000
252,Dennis,Harris,6712 Davis Vista Suite 835,New Larry,16445,Hungary,christopher90@example.net,+43995311116,false,2023-09-21 09:10:42.000
253,Michael,Frye,883 Karen Wells Apt. 457,North Lisachester,32177,Thailand,evelyn14@example.com,+23672327435,false,2021-03-17 23:37:14.000
254,Richard,Rivera,6108 Shirley Burg,West Carla,64155,Somalia,umckinney@example.com,+55586703427,false,2022-04-22 04:27:54.000
255,Brooke,Russell,943 Perkins Stravenue Suite 123,East Kevinburgh,09684,Malawi,twolf@example.org,+79481188685,false,2020-09-30 15:16:14.000
256,Justin,Rivera,2617 Mora Motorway,Coxbury,52516,China,jeanknight@example.net,+89696385396,true,2023-07-20 17:58:54.000
257,Stephanie,Diaz,88090 Garrett Skyway,Rivasshire,76152,Ethiopia,weaverkelly@example.org,+48524633639,true,2020-11-08 19:11:18.000
258,Tiffany,Garcia,48214 Marshall Orchard,East Monicaview,15804,South Georgia and the South Sa,lisa79@example.com,+35696576548,false,2020-11-05 16:46:45.000
259,David,Sanchez,4126 Lynch Mountain,East Christopherchester,95556,Mali,melaniespencer@example.com,+96500628041,true,2020-06-30 00:46:14.000
260,James,Fields,2938 Garrett Inlet Apt. 025,South Thomaschester,10133,Botswana,carmenmedina@example.com,+78532640255,true,2021-02-26 13:40:56.000
261,Miguel,Moore,5463 Gordon Mall Suite 823,Boydville,39342,Mongolia,yballard@example.com,+26479368006,true,2021-09-17 23:05:10.000
262,Joshua,Barnes,886 Leah Ways Suite 969,Amyport,89891,Botswana,patrickhoward@example.org,+57162971787,false,2024-08-13 01:09:19.000
263,Rachel,Russell,0230 Amber Camp,Kimberlyside,73766,Falkland Islands (Malvinas),thompsonnatalie@example.net,+56933033650,true,2023-02-15 22:47:24.000
264,Brian,Baker,00707 Padilla Cove Apt. 888,North Daniellefurt,03886,Tonga,robinsonyvonne@example.org,+90820385886,true,2023-11-08 14:31:15.000
265,Shawn,Swanson,280 Amber Causeway,Kellystad,97023,Lesotho,jill13@example.net,+55607517223,true,2022-12-17 02:45:46.000
266,Randall,Forbes,667 Johnson Camp,Port Corey,96916,Mauritius,wrightjennifer@example.net,+41501017468,false,2023-03-05 07:34:02.000
267,Jennifer,Martin,2638 Le Causeway,East Robertstad,05939,Christmas Island,peggy28@example.com,+47680496100,true,2022-07-16 14:24:55.000
268,Alyssa,Thompson,73398 Graham Brook Apt. 502,Penningtonfurt,62203,Uganda,gibsongloria@example.com,+88571700410,true,2020-06-27 08:06:07.000
269,Jared,Morgan,97392 Rogers Landing Suite 129,New Logan,37527,Palestinian Territory,davisjames@example.com,+56617212161,false,2022-03-27 10:43:58.000
270,Jennifer,Gonzalez,04027 Taylor Prairie Apt. 214,Breannaville,73463,Ecuador,sandrachen@example.org,+82170685902,false,2020-10-20 13:45:00.000
271,Jacob,Lopez,89063 Williams Divide,Lake Jennifer,87076,Tanzania,nortonjames@example.net,+75519170963,false,2021-01-29 23:30:14.000
272,Raymond,Edwards,8880 Jonathon Lakes Suite 201,Stewartport,60079,Bulgaria,cartermonica@example.net,+50653482755,true,2021-12-09 01:26:14.000
273,Sabrina,Fuller,47342 Andrea Wells,Jarvistown,35484,Aruba,michaeljohnson@example.net,+42938332517,false,2023-03-07 06:43:22.000
274,Lisa,Carson,740 Molina Roads,Phillipsshire,33202,Italy,websterharry@example.org,+19968118323,true,2024-02-14 09:53:55.000
275,Stefanie,Bullock,18150 James Forest,Leeport,50628,Mauritania,operkins@example.org,+13618921139,true,2020-09-06 04:45:58.000
276,Kristine,Whitney,5326 Angela Squares,Josephland,21396,Taiwan,davislauren@example.org,+86504862341,true,2022-10-21 15:06:54.000
277,Michael,Lopez,26220 Neal Island Apt. 323,Crystalchester,08915,Hong Kong,jose45@example.org,+20703691565,true,2022-06-17 05:49:41.000
278,Angela,Williams,77496 Heather Gardens Apt. 661,Lake Sandra,08862,Belize,rgordon@example.org,+59663546296,false,2020-03-06 18:17:04.000
279,Ashley,Jacobson,323 Frazier Via,Raymondburgh,37333,Monaco,ochambers@example.net,+78498562248,false,2022-01-06 05:38:16.000
280,Lynn,Thomas,68433 Brent Parks Suite 118,Andreashire,83395,Trinidad and Tobago,nhardin@example.com,+18344168386,false,2021-04-06 04:14:30.000
281,Ashley,Jackson,766 Mullins Place Suite 291,Carrillostad,04840,Guyana,nwhite@example.com,+91814105270,false,2021-07-31 21:53:52.000
282,Garrett,Hall,42281 Corey Court Apt. 147,Davidchester,43332,Tajikistan,steven71@example.org,+20319082593,true,2022-09-19 04:48:35.000
283,Ricky,Allen,26251 Robert Avenue,Adamfort,79802,Dominican Republic,nicholas73@example.com,+87301933623,false,2024-03-24 23:53:13.000
284,Valerie,Williams,41541 Katherine Island,Port Cassandraport,97362,New Zealand,daryllamb@example.com,+64214778975,true,2023-07-18 15:46:15.000
285,Lindsay,Bell,59500 Anthony Island Suite 077,Erinland,01455,Peru,frazierrichard@example.org,+33865761046,true,2020-11-29 16:48:24.000
286,David,Becker,05316 Hart Square Suite 112,Fitzgeraldport,73547,Guinea,nking@example.net,+93451164379,false,2022-02-20 08:41:01.000
287,Anthony,Lewis,40824 Kenneth Glens Apt. 749,New Keith,18180,Tonga,michael70@example.net,+47827389750,false,2022-07-08 11:46:34.000
288,Robin,Williams,1650 Nunez Summit,Rickystad,56180,Bahamas,dylanli@example.com,+30119230622,false,2022-06-04 04:17:09.000
289,Brandon,Garcia,996 Cherry Park,Lake Timothyhaven,09246,Antigua and Barbuda,denisecampbell@example.org,+35631320970,false,2022-05-08 21:56:55.000
290,Matthew,Flores,732 Jennifer Branch,Port Jasminemouth,31725,Korea,epeterson@example.com,+35918973293,true,2022-01-08 02:42:32.000
291,Jacqueline,Young,121 Jason Stream Apt. 658,Robinsonfort,63333,Jordan,nathaniel04@example.org,+53544518864,true,2020-09-04 16:17:19.000
292,George,Martin,13944 Davidson Valleys Apt. 710,Michaelhaven,23762,Saint Lucia,paul90@example.com,+14821497852,false,2024-02-29 08:40:26.000
293,Lisa,Smith,951 Sheila Trail Apt. 602,South Jamie,38544,Cyprus,smithbrian@example.org,+48302118211,true,2023-11-05 18:29:11.000
294,Jasmine,King,3451 Melanie Branch Apt. 165,Rachaelhaven,39521,Botswana,sandra99@example.com,+64166153307,true,2021-12-14 20:26:50.000
295,Bianca,Jimenez,9938 Randall Squares Apt. 609,West Dale,23073,Canada,smithjessica@example.com,+81689133906,false,2021-04-06 23:36:30.000
296,Lauren,Thompson,029 John Ford,Blankenshiptown,60577,Pakistan,josephyoder@example.org,+20344605908,true,2023-01-01 08:20:55.000
297,Anna,Saunders,77877 Diaz Via Apt. 982,Randallchester,80900,Philippines,randycrawford@example.com,+75539885073,true,2022-12-22 15:24:37.000
298,Kenneth,Bell,4549 Robinson Plains Apt. 148,Reidbury,83830,Slovenia,boltonpeggy@example.org,+16115632861,true,2023-11-09 07:36:11.000
299,Kelsey,Wilson,01541 Ariana Inlet,New Scottville,95328,Dominica,aaron35@example.org,+57864624602,false,2020-04-19 09:11:36.000
300,James,Villarreal,4211 Hart Stravenue,Nicoletown,39264,Ghana,achase@example.net,+80271695805,false,2023-03-26 20:34:49.000
