WebinarID,WebinarName,Price,TeacherID,Link,TranslatorID,WebinarDate,LanguageID,Description
1,Podróże po nowych terytoriach,94.7000,42,http://www.stowarzyszenie.com/list/tag/searchfaq.php,,2024-07-14 13:16:40.000,2,Brat tylko prosić. Reguła radość sąd restauracja wzdłuż. Zakres tyle staw urzędnik akt stawać się.
2,Podstawy handlu międzynarodowego,0.0000,1,https://www.stiller.org/wp-contentregister.asp,23,2024-11-22 20:53:01.000,15,Spokojny (…) dzisiaj przybyć mebel. Niemiecki wystawa krzew liczba atomowa. Spaść relacja musieć cichy organ poważny przeprowadzać. Znać płacić różowy przejść w postaci poruszać władza.
3,Znaki i symbole w komunikacji,88.4400,23,http://drost-petryk.com/posts/explore/postshome.php,,2024-08-29 23:28:17.000,2,Ten Sam średni palec duński punkt wpływ czwartek model. Daleko gorączka błoto o rząd zatoka. Kara mieszkać kolumna spadać wspólny pisarz talerz.
4,Muzyka w kulturze współczesnej,0.0000,4,https://fpuh.com/posts/tags/categorieshomepage.html,,2024-11-22 14:19:07.000,2,Żelazo łóżko krzesło bogactwo. Bajka pracownik kult skrzydło węgiel. Pomiędzy około przyjechać czysty w czasie dwa leczenie. Z filmowy powodować drużyna.
5,Wspólnota w czasach przemian,34.8000,14,http://mycek.com/tagsprivacy.html,,2024-09-14 18:34:46.000,2,Wykonywać zachowywać się zgromadzenie pszczoła. Wola nadmierny dodać przeciw.\nWola służba sam godny 1000.
6,Konflikty i rozwiązania,47.0200,32,https://www.fundacja.com/explore/mainsearch.html,28,2024-03-23 11:55:57.000,28,Gdzie zjawisko rzadki cały. Biały we gaz gra słyszeć kura.\nAfganistan zwyczaj lipiec wyrażać restauracja rosyjski kiedy.
7,Kroki do sukcesu,0.0000,23,http://fundacja.net/mainmain.htm,,2024-08-07 11:03:57.000,2,Motyl różowy zjawisko zajęcie dzieło ludzki. Wkrótce przyjaźń poważny osiągnąć pytać profesor.\nWłasność północny siebie. Rozmawiać aby przez sowa.
8,Podstawy podatków,0.0000,15,http://www.fpuh.org/main/appterms.htm,,2024-08-20 20:09:01.000,2,Wyrażenie wojsko zmęczony przykład gdy lew żelazo. Taki południe gdy tekst sklep spokój przy.
9,Cztery pory roku przywództwa,28.5900,28,http://czylok.org/mainindex.html,,2024-03-10 18:26:03.000,2,Dobrze treść naturalny ludowy we zwierzę. Od pociąg krzesło wspomnienie jakby czekolada z rodzina.\nEuropejski zarówno podnosić ten sam usta angielski ciekawy. Wisieć wobec powiat podnosić.
10,Strategiczne podejmowanie decyzji,99.4700,26,http://www.fidor-wojak.pl/explore/wp-contenthomepage.htm,20,2024-11-21 17:39:10.000,3,Temu ponownie wisieć śmiać się. Leczenie pozostawać ogień hałas pochodzenie minister Białoruś.\nPokazywać znaczny stan obóz przeciw atak za. Chcieć lato szósty grób archipelag.
11,Chrześcijaństwo współczesne,68.8400,14,https://www.spoldzielnia.net/tags/explorecategory.asp,21,2024-06-01 13:37:19.000,9,Transport królestwo Australia but.\nLudzie powoli przyjąć Niemcy pięć lot żydowski sportowy. Ząb wrócić bycie chrześcijaństwo ból przyszłość. Czasem minister samica godzina miód rada przygotować.
12,Szybkie pisanie listów,19.8900,19,https://spoldzielnia.com/list/app/postshome.asp,25,2024-05-10 07:08:55.000,15,Przestępstwo mebel dużo Słowacja przepis głęboki. Dół hasło wino ze nikt. Jakość kapelusz produkt rozwój wspólny powstać.
13,Odkrywanie Australii,94.2700,13,https://www.wieczerzak-miasik.org/main/explore/blogfaq.asp,,2024-12-09 04:16:25.000,2,Zniszczyć Austria wschodni odnosić się suchy łatwo syn. Godny wpływ urodzić się zdobyć rozwój. Sądowy potrzeba ośrodek czas palić.
14,Zdrowe odżywianie,36.5000,50,https://www.grupa.org/explore/listcategory.htm,26,2024-07-12 11:13:07.000,17,Prezent za bieda Węgry całkowicie dłoń. Przyjąć elektryczny lekki wąż Węgry podatek właśnie.\nSłuchać 0 jego władza. Proces pragnienie dać kierowca uzyskać. Poruszać Się towarzystwo prędkość mi.
15,Podstawy alfabetyzacji,0.0000,38,http://www.kuciak-banek.pl/list/wp-contentpost.php,,2024-03-21 05:56:50.000,2,Uderzyć wycieczka policjant skład. Religia wszyscy wykonywanie uchodzić odmiana. Dowód koszt dwa armia zegar sąsiad anioł.\nRoślina lot żydowski prywatny. Córka produkt zeszły trwać imię połączenie.
16,Personal Development Through Art,83.3600,27,http://www.drobek.pl/explore/exploreindex.asp,,2024-02-13 22:04:10.000,2,Twój smak ochrona jedenaście szkło. Krowa droga można istnienie fragment środkowy 30. Połączenie cebula średniowieczny wydawać się Wielka Brytania sobota. Stowarzyszenie jajko problem tu.
17,Astronomia dla początkujących,0.0000,27,https://www.jeske-przerwa.pl/tags/appcategory.asp,,2024-12-08 23:50:45.000,2,Jedenaście dla wczoraj sieć prawny okno model. Kochać dzielnica jeśli biblioteka.\nCałkowity prosty wioska zająć. Podróżować pogoda styl taniec. Dzieło śmiać się telewizja ono zamiar węgiel.
18,Sytuacje kryzysowe,249.8700,50,https://spoldzielnia.pl/search/categoriesmain.htm,,2024-08-15 16:36:44.000,2,Duży ciotka trzymać kontakt odległość państwo stan.\nPatrzeć szwedzki miasto metal popularny określony wszystek. Dopiero metr filmowy maj jedyny. Pani umieścić więc tydzień podczas sąd kierunek.
19,Historia papiestwa,52.4100,7,https://www.ppuh.com/categorieshomepage.html,,2024-07-09 10:22:37.000,2,Uczeń nikt Jezus. Obywatel zakończyć u lubić. Bar przepis wydawać gorący.\nWładza wojskowy znany. Port więc przyjemność wisieć. Brak jedynie katolicki.
20,Świętowanie ważnych momentów,0.0000,37,http://www.spoldzielnia.pl/blog/searchcategory.htm,,2024-12-03 23:34:08.000,2,Stopa i patrzeć piętnaście latać tekst. Wielka Brytania zły zacząć bez reguła złoty.
21,Równowaga życiowa,17.8600,4,http://gabinety.net/categorylogin.html,25,2024-12-23 11:37:40.000,16,"Chwila one wysoko. Cześć godny samochodowy materiał orzeł. Dziki koniec królewski oś zmieniać dno.
Bądź lubić tamten stawiać ciąża. Jakby te przeszłość oni dzielnica na zewnątrz dzieło."
22,Efektywne działanie w biznesie,95.0900,20,https://giersz-kral.com/categories/tags/explorehomepage.htm,30,2024-06-28 11:44:28.000,26,Za zwłaszcza połowa choć słyszeć. Szkoda wschodni zanim usługa zdolność. Jadalny ubranie umysł mocny. Przyjaźń sprzedawać późno poznać panować myśl.
23,Podstawy alfabetyzacji,42.9600,32,https://www.durys-swierad.pl/search/category/appfaq.html,1,2024-11-16 12:18:31.000,19,Milion przejaw istota połączenie dziewczynka Słowacja. Niewielki Unia Europejska przychodzić przepis.
24,Rozwiązywanie problemów,0.0000,15,http://slowiak.com/blog/wp-content/listsearch.htm,,2024-04-26 04:16:59.000,2,"Skrzydło wróg udział otwarty oraz dziwny powstać. Niektóry 3 jednak fałszywy lęk lud chory lud.
Ogon milion wciąż lud. Sztuczny południe tradycja."
25,Zjawiska przyrodnicze,44.7800,49,https://miskowiec-aleksandrzak.com/category/searchabout.htm,,2024-11-12 02:21:55.000,2,Właśnie męski służyć bronić łatwy administracyjny zwłaszcza. Niektóry produkcja model wolny kończyć telewizyjny. Ludowy w postaci lampa konflikt kartka wypowiedź krowa.
26,Rozwój osobisty,0.0000,12,http://www.grupa.com/blogabout.jsp,,2024-11-01 06:39:21.000,2,Epoka liść oddech poważny mąka pod Chiny. Transport obserwować pragnienie wyspa używać artystyczny sytuacja. Mysz farba wymagać węgiel Węgry postawa dach reguła.
27,Astronomia dla początkujących,59.8400,4,https://gabinety.pl/mainpost.asp,,2024-02-05 10:19:08.000,2,"Prowincja ono dziecko dobrze aktor samiec.
Wracać wiadomość kobieta funkcja światło próba kwestia ofiara. Jedzenie zabawa operacja czysty temu spokój modlitwa srebrny. Złodziej Rzym wrócić bawić się."
28,Sytuacje kryzysowe,90.0000,41,https://stowarzyszenie.pl/wp-content/wp-content/postslogin.asp,,2024-03-08 23:14:32.000,2,"Leżeć ilość tkanina podnieść wykorzystywać miejski. Hałas różny wygląd długi.
Niechęć rozmiar zgadzać się żołądek dwanaście. Leczenie bok działać skóra. Statek dziadek sprzedawać klient."
29,Odkrywanie Australii,82.9900,12,https://www.spoldzielnia.com/explorehome.asp,24,2024-08-06 04:42:54.000,24,List ksiądz mocno lew turecki morski lato. Pełnić ciepło materiał godzina kobieta północny wczoraj. Lód usta żart przygotować olej.
30,Szybkie pisanie listów,0.0000,14,http://www.owsiany.pl/wp-content/categoriescategory.php,20,2024-04-13 06:27:50.000,3,Park jeden towar drzewo sylaba atmosfera. W teraz św.. Unia Europejska osiągnąć który mężczyzna burza zajęcie ponieważ.
31,Zdrowe odżywianie,43.9800,11,https://www.jereczek-pulka.com/categoryregister.php,19,2024-08-16 00:13:24.000,26,Żeński wybór chęć punkt dodatek umieszczać niektóry. Dziewczynka wschodni wino sala.
32,Urządzanie przestrzeni,0.0000,1,https://goworek-grzebyk.pl/posts/categories/postsmain.jsp,24,2024-03-18 03:03:14.000,26,— wartość środek wrzesień śnieg północ w wyniku. Japoński naturalny wspaniały technika mleko urodziny.
33,Modern Business Strategy,0.0000,19,https://fritz.com/mainhome.htm,,2024-08-09 03:50:39.000,5,Argue whether staff power respond meet network end. Purpose box rate green force husband.
34,Introduction to Filmmaking,0.0000,2,http://woods-barnes.org/main/explore/appauthor.asp,,2024-11-01 14:47:05.000,1,Recognize matter involve official about score. Clearly know report mention second bed. Anything to until.
35,Wishful Thinking in Practice,74.8100,26,http://rowe.com/list/blogterms.html,,2024-03-04 17:48:49.000,3,"Certainly report short bag task. Site remember somebody others yes hot stop.
Mr drug admit training seem try certainly job. Enter realize sport keep police her. Charge mission level early describe."
36,Four Seasons of Leadership,10.9900,3,https://www.smith.org/categoryindex.php,,2024-05-20 19:12:01.000,2,Interesting difficult manage of. Interest heart near boy debate today your affect. Ball deep free throughout.
37,Personal Development Through Art,0.0000,43,http://www.golden.com/category/categorieshome.html,,2024-07-09 10:21:13.000,5,Since grow ready miss north ready record baby. Author wear do cultural happen build store wish. Travel morning approach maintain debate. Minute oil civil others.
38,Advanced Legal Practice,128.0000,30,http://martin.com/wp-content/categorysearch.jsp,,2024-05-02 06:33:11.000,1,Beyond watch run billion lead rest perhaps. Quickly race cause difference citizen save.
39,Health and Wellness Basics,0.0000,29,http://bell-wang.com/tagsregister.htm,,2024-11-23 22:39:10.000,1,"Watch partner range individual spend wonder. Rise once boy majority.
Third mean get memory entire. Capital source or full Democrat."
40,Strategic Decision Making,55.0000,10,http://gonzales.org/list/mainabout.php,,2024-02-15 15:01:34.000,1,"Compare enjoy sport west. More fear kitchen bit.
Language question ground like ask political. Fine campaign blood knowledge."
